{"stats":{"minecraft:killed":{"minecraft:sheep":2,"minecraft:horse":2,"minecraft:trader_llama":1,"minecraft:zombie":1,"minecraft:chicken":1,"minecraft:cow":1},"minecraft:used":{"minecraft:mutton":2,"minecraft:beef":1,"minecraft:snow_block":2,"minecraft:light_blue_stained_glass":1,"minecraft:diamond_sword":27,"minecraft:packed_ice":1},"minecraft:custom":{"minecraft:play_one_minute":40331,"minecraft:open_chest":1,"minecraft:time_since_rest":20230,"minecraft:crouch_one_cm":624,"minecraft:damage_taken":300,"minecraft:walk_one_cm":33079,"minecraft:sprint_one_cm":31733,"minecraft:deaths":2,"minecraft:sneak_time":878,"minecraft:mob_kills":9,"minecraft:drop":3,"minecraft:jump":343,"minecraft:damage_dealt":1624,"minecraft:leave_game":6,"minecraft:time_since_death":20203,"minecraft:climb_one_cm":919,"minecraft:talked_to_villager":1,"minecraft:fall_one_cm":3458,"minecraft:fly_one_cm":153774},"minecraft:picked_up":{"minecraft:feather":1,"minecraft:arrow":1,"minecraft:chicken":1,"minecraft:rotten_flesh":1,"minecraft:leather":3,"minecraft:lead":1,"minecraft:diamond_sword":1,"minecraft:beef":2,"minecraft:light_blue_stained_glass":2,"minecraft:mutton":3,"minecraft:white_wool":2},"minecraft:mined":{"minecraft:grass":8},"minecraft:dropped":{"minecraft:diamond_sword":1,"minecraft:light_blue_stained_glass":2}},"DataVersion":1976}