{"stats":{"minecraft:dropped":{"minecraft:yellow_wool":1},"minecraft:killed_by":{"minecraft:phantom":1},"minecraft:picked_up":{"minecraft:yellow_wool":1,"minecraft:torch":2},"minecraft:used":{"minecraft:packed_ice":1,"minecraft:snow_block":1},"minecraft:custom":{"minecraft:time_since_rest":85106,"minecraft:play_one_minute":173717,"minecraft:damage_taken":240,"minecraft:leave_game":12,"minecraft:sprint_one_cm":3823,"minecraft:time_since_death":19193,"minecraft:walk_one_cm":5167,"minecraft:deaths":1,"minecraft:sneak_time":31,"minecraft:fall_one_cm":2276,"minecraft:drop":1,"minecraft:fly_one_cm":18035,"minecraft:jump":23}},"DataVersion":1952}