{"stat.useItem.18":611,"stat.useItem.17":485,"stat.useItem.146":66,"achievement.openInventory":396,"stat.jump":1345,"achievement.exploreAllBiomes":{"value":0,"progress":["Plains"]},"stat.useItem.57":96,"stat.useItem.58":2,"stat.useItem.3":890,"stat.useItem.390":3,"stat.useItem.4":284,"stat.useItem.5":574,"stat.useItem.54":65,"stat.useItem.53":42,"stat.useItem.106":128,"stat.climbOneCm":14480,"stat.useItem.50":97,"stat.useItem.109":160,"stat.useItem.389":5,"stat.damageDealt":10,"stat.useItem.151":2,"stat.useItem.102":4,"stat.drop":5,"stat.useItem.174":124,"stat.useItem.139":61,"stat.useItem.138":2,"stat.useItem.380":4,"stat.useItem.46":134,"stat.diveOneCm":1033,"stat.swimOneCm":2500,"stat.walkOneCm":827542,"stat.useItem.47":42,"stat.useItem.44":1768,"stat.useItem.42":23,"stat.useItem.379":4,"stat.useItem.404":3,"stat.useItem.321":3,"stat.useItem.35":2540,"stat.useItem.84":5,"stat.useItem.324":10,"stat.useItem.323":9,"stat.useItem.85":1024,"stat.useItem.86":190,"stat.useItem.87":1,"stat.useItem.89":67,"stat.useItem.79":19,"stat.craftItem.53":4,"stat.useItem.80":114,"stat.useItem.72":1,"stat.useItem.76":27,"stat.useItem.129":33,"stat.useItem.123":9,"stat.useItem.170":19,"stat.useItem.171":6,"stat.useItem.126":620,"stat.useItem.95":1,"stat.useItem.96":89,"stat.useItem.259":2,"stat.flyOneCm":5689160,"stat.useItem.152":11,"stat.useItem.97":23,"stat.useItem.98":1433,"stat.useItem.154":21,"stat.useItem.355":3,"stat.useItem.69":12,"stat.useItem.351":22,"stat.useItem.61":2,"stat.useItem.65":50,"stat.playOneMinute":581599,"stat.useItem.23":3}