{"stat.crouchOneCm":1312,"stat.beaconInteraction":1,"achievement.openInventory":9,"stat.useItem.minecraft.cobblestone":1,"stat.sneakTime":1372,"achievement.exploreAllBiomes":{"value":0,"progress":["Plains"]},"stat.useItem.minecraft.leaves":64,"stat.useItem.minecraft.iron_block":4,"stat.climbOneCm":1536,"stat.useItem.minecraft.stonebrick":7,"stat.flyOneCm":158943,"stat.useItem.minecraft.torch":3,"stat.pickup.minecraft.sign":1,"stat.pickup.minecraft.torch":1,"stat.timeSinceDeath":10240,"stat.playOneMinute":10240,"stat.leaveGame":2,"stat.useItem.minecraft.stone_slab":6,"stat.useItem.minecraft.pumpkin":2,"stat.walkOneCm":11986,"stat.jump":27,"stat.useItem.minecraft.sign":4,"stat.sprintOneCm":705,"stat.useItem.minecraft.bookshelf":9,"stat.useItem.minecraft.dirt":1}